attempt_id,combo_key,run_alias,certified_run_alias,x_wind_mps,y_wind_mps,wind_magnitude_mps,wind_angle_deg_from_east_ccw,status,success_class,analysis_position_source,relative_bin_file,source_bin_file,source_bin_size_bytes,cte_critical_mission_sha16,analysis_bin_path,analysis_square_metric_basis,analysis_loiter_metric_basis,mission_validation_ok,mission_validation_true_ok,mission_validation_square_ok,mission_validation_error_count,mission_validation_errors,true_position_source_reported,square_position_source_reported,square_sample_count,square_segment_count,square_mean_true_path_dev_m,square_rms_true_path_dev_m,square_p95_true_path_dev_m,square_max_true_path_dev_m,square_true_mean_abs_ntun_xt_m,square_true_rmse_true_vs_abs_ntun_m,square_true_max_abs_diff_vs_ntun_m,directional_asymmetry_mean_m,directional_asymmetry_rms_m,lap_count,lap_rms_mean_m,lap_rms_std_m,lap_rms_range_m,lap_rms_slope_m_per_lap,lap_path_efficiency_mean,lap_path_efficiency_std,lap_closure_error_mean_m,lap_closure_error_p95_m,corner_count,corner_mean_min_distance_m,corner_p95_min_distance_m,corner_max_min_distance_m,corner_recovery_to_5m_mean_s,corner_recovery_to_10m_mean_s,loiter_available,loiter_window_status,loiter_window_start_seq,loiter_window_end_seq,loiter_duration_s,loiter_expected_turns,loiter_turns_complete,loiter_turns_flown_total,loiter_turns_flown_after_capture,loiter_completed_turns_after_capture,loiter_capture_time_s,loiter_samples,loiter_samples_after_capture,loiter_full_window_mean_radial_error_m,loiter_full_window_rms_radial_error_m,loiter_full_window_p95_abs_radial_error_m,loiter_after_capture_mean_radial_error_m,loiter_after_capture_rms_radial_error_m,loiter_after_capture_p95_abs_radial_error_m,loiter_after_capture_fitted_radius_m,loiter_after_capture_fitted_center_offset_m,loiter_after_capture_direction,full_mission_supported_sample_count,full_mission_supported_mean_true_path_dev_m,full_mission_supported_rms_true_path_dev_m,inside_segment_sample_count,inside_segment_mean_true_path_dev_m,inside_segment_rms_true_path_dev_m,artifacts_true_summary_json,artifacts_square_summary_json,heading_northbound_sample_count,heading_northbound_mean_true_path_dev_m,heading_northbound_rms_true_path_dev_m,heading_northbound_p95_true_path_dev_m,heading_northbound_max_true_path_dev_m,heading_northbound_mean_signed_line_dev_m,heading_westbound_sample_count,heading_westbound_mean_true_path_dev_m,heading_westbound_rms_true_path_dev_m,heading_westbound_p95_true_path_dev_m,heading_westbound_max_true_path_dev_m,heading_westbound_mean_signed_line_dev_m,heading_southbound_sample_count,heading_southbound_mean_true_path_dev_m,heading_southbound_rms_true_path_dev_m,heading_southbound_p95_true_path_dev_m,heading_southbound_max_true_path_dev_m,heading_southbound_mean_signed_line_dev_m,heading_eastbound_sample_count,heading_eastbound_mean_true_path_dev_m,heading_eastbound_rms_true_path_dev_m,heading_eastbound_p95_true_path_dev_m,heading_eastbound_max_true_path_dev_m,heading_eastbound_mean_signed_line_dev_m,corner_SE_mean_min_distance_m,corner_SE_p95_min_distance_m,corner_NE_mean_min_distance_m,corner_NE_p95_min_distance_m,corner_NW_mean_min_distance_m,corner_NW_p95_min_distance_m,corner_SW_mean_min_distance_m,corner_SW_p95_min_distance_m
wind_x_00_y_00__rep_01__attempt_001,wind_x_00_y_00,run_01,run_01,0.0,0.0,0.0,0.0,success_square_only,square_loiter_only,sim,wind_x_00_y_00/runs/attempt_001/wind_x_00_y_00__rep_01__attempt_001.BIN,[internal]/logs/017_params_old_009_matrix_r3_plugin_fixed/wind_x_00_y_00/runs/attempt_001/wind_x_00_y_00__rep_01__attempt_001.BIN,47038464,,[internal]/logs/017_params_old_009_matrix_r3_plugin_fixed/wind_x_00_y_00/runs/attempt_001/wind_x_00_y_00__rep_01__attempt_001.BIN,square-only true path deviation over mission seq 3..22,loiter reported separately; after-capture metrics preferred,True,True,True,0,,sim,sim,17447,20,3.756446249142302,7.14972059148146,18.42853083170951,21.605863732613273,3.7065476728809292,1.0723352542541684,21.011706553376037,0.08716743664493398,0.1246236502723308,5,7.148959682670148,0.10665278384128243,0.29688817910064547,-0.048212324102765235,1.0115508325625844,0.00046876139812817614,3.165875116695928,3.429912236714669,20,3.07719620934862,3.155059143063016,3.2465099206426427,1.0849549,0.75098375,True,bounded_by_next_mise,23,24,264.76,5.0,True,5.00266027057561,4.991872791008731,4,33.0,6620,5795,36.90836208026369,97.76304191396672,303.804200055967,6.977120346067217,7.056774325014144,7.360559800554121,106.98228214406457,0.1812036547654973,clockwise,18089,5.065061205449578,15.083037071772065,18046,5.034386800224066,15.07527305039717,[internal]/logs/020_Old_Param_Fixed_CTE_Report/summary/corrected/per_run/wind_x_00_y_00__rep_01__attempt_001/sim/true_path_deviation/wind_x_00_y_00__rep_01__attempt_001_true_path_deviation_summary.json,[internal]/logs/020_Old_Param_Fixed_CTE_Report/summary/corrected/per_run/wind_x_00_y_00__rep_01__attempt_001/sim/square_loiter_mission_metrics/wind_x_00_y_00__rep_01__attempt_001_square_loiter_summary.json,4362,3.801000176948783,7.241267069789787,18.5819506216229,21.605863732613273,-2.5207715110337467,4360,3.756415051586046,7.118867592021154,18.37940452686238,20.86132195607693,-2.4705675864889898,4365,3.7545188005258208,7.121308915149485,18.377693506366832,21.03397032243641,-2.46079155980034,4360,3.713832740303849,7.116643419517456,18.37884793012847,20.74998485661605,-2.5377831127954806,3.081284715297328,3.2272571253627214,3.066756289689951,3.107997758622768,3.0865223388176104,3.1362562054377516,3.07422149358959,3.1098423807807367
wind_x_04_y_00__rep_01__attempt_001,wind_x_04_y_00,run_01,run_01,4.0,0.0,4.0,0.0,success_square_only,square_loiter_only,sim,wind_x_04_y_00/runs/attempt_001/wind_x_04_y_00__rep_01__attempt_001.BIN,[internal]/logs/017_params_old_009_matrix_r3_plugin_fixed/wind_x_04_y_00/runs/attempt_001/wind_x_04_y_00__rep_01__attempt_001.BIN,50229248,,[internal]/logs/017_params_old_009_matrix_r3_plugin_fixed/wind_x_04_y_00/runs/attempt_001/wind_x_04_y_00__rep_01__attempt_001.BIN,square-only true path deviation over mission seq 3..22,loiter reported separately; after-capture metrics preferred,True,True,True,0,,sim,sim,18555,20,3.787407470578682,7.808765326424707,20.94038621486268,35.42272281122217,3.7378941745076926,1.0587319651185394,21.45379700081196,4.040349543338965,6.226828792855256,5,7.80248829409633,0.3229000092035483,0.8583566484486571,-0.16744714388920284,1.0139229940976393,0.0006929572961148399,1.6743442086234743,2.1137744481649867,20,3.2297128928705567,4.936793597203453,5.328041679812596,1.15294065,0.79895885,True,bounded_by_next_mise,23,24,292.26,5.0,True,5.00229241156298,4.9966080516160405,4,45.14,7307,6179,44.453877841932304,109.80421889704121,338.77383741212026,7.135405461410182,7.227728003223255,7.9829986175364995,107.2153946629923,0.6763059766983346,clockwise,19095,4.280408543902563,10.567891707588807,18996,4.213848540636643,10.521910517575208,[internal]/logs/020_Old_Param_Fixed_CTE_Report/summary/corrected/per_run/wind_x_04_y_00__rep_01__attempt_001/sim/true_path_deviation/wind_x_04_y_00__rep_01__attempt_001_true_path_deviation_summary.json,[internal]/logs/020_Old_Param_Fixed_CTE_Report/summary/corrected/per_run/wind_x_04_y_00__rep_01__attempt_001/sim/square_loiter_mission_metrics/wind_x_04_y_00__rep_01__attempt_001_square_loiter_summary.json,4599,5.490251982828944,10.657389362451175,27.59195892337646,35.42272281122217,-4.244080995456424,5912,2.0135088274699138,4.430560569595919,12.272417261794349,20.861272575286876,-1.0928986829436467,4535,2.619365719159133,5.035752886778673,12.013041799057104,21.161037128935213,-1.2178398235809587,3509,6.053858370808879,10.379197944651688,24.790850600106822,26.071024743626356,-4.454702105896148,1.6999959280341383,2.1137744481649867,3.4557669388295524,3.7184080404477426,4.973240675864034,5.245673662421198,2.789848028754503,2.8940943772786167
wind_x_08_y_00__rep_01__attempt_001,wind_x_08_y_00,run_01,run_01,8.0,0.0,8.0,0.0,success_square_only,square_loiter_only,sim,wind_x_08_y_00/runs/attempt_001/wind_x_08_y_00__rep_01__attempt_001.BIN,[internal]/logs/017_params_old_009_matrix_r3_plugin_fixed/wind_x_08_y_00/runs/attempt_001/wind_x_08_y_00__rep_01__attempt_001.BIN,63115264,,[internal]/logs/017_params_old_009_matrix_r3_plugin_fixed/wind_x_08_y_00/runs/attempt_001/wind_x_08_y_00__rep_01__attempt_001.BIN,square-only true path deviation over mission seq 3..22,loiter reported separately; after-capture metrics preferred,True,True,True,0,,sim,sim,23218,20,3.9206269426702054,9.478545635032635,27.09683385190096,44.24663018511109,3.87747986270057,0.9845399535677989,21.461580880571734,8.13283351226731,13.152076253225037,5,9.478067093714532,0.06813817805007326,0.19184050309061718,0.0444009367637319,1.0197140969027212,0.0010700214218683857,0.9866793747968942,1.5433640522071377,20,3.9124994759131164,7.567940646588447,7.5854791055587505,1.4930876,1.05105615,True,bounded_by_next_mise,23,24,382.65999999999997,5.0,True,5.001794096275531,5.001546880064603,5,71.06,9567,7791,52.241946504583126,119.99270110319439,357.5913249868506,7.83656445862134,7.99220296274551,10.636226334510376,108.31744731940644,1.647938210203715,clockwise,23701,4.039596260188902,9.925417745822498,23509,3.939128084763527,9.849860261754419,[internal]/logs/020_Old_Param_Fixed_CTE_Report/summary/corrected/per_run/wind_x_08_y_00__rep_01__attempt_001/sim/true_path_deviation/wind_x_08_y_00__rep_01__attempt_001_true_path_deviation_summary.json,[internal]/logs/020_Old_Param_Fixed_CTE_Report/summary/corrected/per_run/wind_x_08_y_00__rep_01__attempt_001/sim/square_loiter_mission_metrics/wind_x_08_y_00__rep_01__attempt_001_square_loiter_summary.json,5550,8.328782163900476,15.555470471336374,40.31263814783586,44.24663018511109,-6.773161030259266,9390,0.8300241458250179,2.4033942181113366,5.533691887056947,21.284286640416042,-0.1460158432521231,5292,1.9363861770424373,4.1203359218567055,7.4926048874885876,21.50610841869248,-0.13594668841430513,2986,8.962857658092327,14.162720842591238,31.623084347296214,32.97283317319071,-6.938343292390771,0.7923463353022104,1.0336858368389867,4.59861083368475,4.854051247177496,7.470134176663005,7.581786798407108,2.7889065580024988,2.9052091173470824
wind_x_00_y_00__rep_02__attempt_002,wind_x_00_y_00,run_02,run_02,0.0,0.0,0.0,0.0,success_square_only,square_loiter_only,sim,wind_x_00_y_00/runs/attempt_002/wind_x_00_y_00__rep_02__attempt_002.BIN,[internal]/logs/017_params_old_009_matrix_r3_plugin_fixed/wind_x_00_y_00/runs/attempt_002/wind_x_00_y_00__rep_02__attempt_002.BIN,46882816,,[internal]/logs/017_params_old_009_matrix_r3_plugin_fixed/wind_x_00_y_00/runs/attempt_002/wind_x_00_y_00__rep_02__attempt_002.BIN,square-only true path deviation over mission seq 3..22,loiter reported separately; after-capture metrics preferred,True,True,True,0,,sim,sim,17445,20,3.7516554435448217,7.146687457880299,18.423375726196973,21.478770416946702,3.700936738254252,1.0838215190100253,21.124724753690487,0.08231634873020521,0.17122569096791462,5,7.146164233063485,0.09030378609081377,0.2506516762783013,-0.042029428515508976,1.011576290084816,0.000418619732076926,3.1272679285622917,3.412432654593349,20,3.0788284876257186,3.194225975503294,3.356586615925142,1.0879539,0.7519840999999999,True,bounded_by_next_mise,23,24,264.76,5.0,True,5.002357979649847,4.99150935068951,4,33.0,6620,5795,36.91051327184227,97.75200453946813,303.7572323944929,6.986540714252783,7.065874761398265,7.3636299944396075,106.99167877950464,0.18257145547163414,clockwise,18087,5.06585722018884,15.127284536685101,18042,5.034072820916637,15.119666473666642,[internal]/logs/020_Old_Param_Fixed_CTE_Report/summary/corrected/per_run/wind_x_00_y_00__rep_02__attempt_002/sim/true_path_deviation/wind_x_00_y_00__rep_02__attempt_002_true_path_deviation_summary.json,[internal]/logs/020_Old_Param_Fixed_CTE_Report/summary/corrected/per_run/wind_x_00_y_00__rep_02__attempt_002/sim/square_loiter_mission_metrics/wind_x_00_y_00__rep_02__attempt_002_square_loiter_summary.json,4360,3.7975636021962424,7.244558130268594,18.601014618741885,21.478770416946702,-2.5285156927905676,4360,3.732757148640851,7.073332439300679,18.23468918843591,20.98372401465224,-2.434771731888414,4365,3.7610430043248027,7.138825006331583,18.426715214795166,20.988600575324746,-2.4794780832254726,4360,3.7152472534660372,7.1289703687229125,18.41285352631035,20.72773888470302,-2.5512486860619257,3.057080488883674,3.175892219920001,3.1509706062129323,3.3165144789935233,3.0577446903672074,3.112269904506466,3.04951816503906,3.0828801339410634
wind_x_04_y_00__rep_02__attempt_002,wind_x_04_y_00,run_02,run_02,4.0,0.0,4.0,0.0,success_square_only,square_loiter_only,sim,wind_x_04_y_00/runs/attempt_002/wind_x_04_y_00__rep_02__attempt_002.BIN,[internal]/logs/017_params_old_009_matrix_r3_plugin_fixed/wind_x_04_y_00/runs/attempt_002/wind_x_04_y_00__rep_02__attempt_002.BIN,50221056,,[internal]/logs/017_params_old_009_matrix_r3_plugin_fixed/wind_x_04_y_00/runs/attempt_002/wind_x_04_y_00__rep_02__attempt_002.BIN,square-only true path deviation over mission seq 3..22,loiter reported separately; after-capture metrics preferred,True,True,True,0,,sim,sim,18555,20,3.779545848367221,7.790221935085997,20.91622971004796,34.98697429904536,3.730017610123405,1.0617565012258101,21.41543083440098,4.0448670314973,6.198317522065813,5,7.784783808736721,0.30085981960086255,0.7928912953885181,-0.15331186695940446,1.013782407506668,0.0005434119870383535,1.6926123647452136,2.125279991716772,20,3.251453694076376,4.920531384336073,5.3607604187852465,1.1569897,0.8069578500000001,True,bounded_by_next_mise,23,24,292.26,5.0,True,5.002152293338689,4.996490521302974,4,45.14,7307,6179,44.448117370918176,109.78936257685122,338.73728656590794,7.135085992523068,7.227460263361864,7.987910941550439,107.21504197254299,0.6764460191560232,clockwise,19093,4.274034776336113,10.557642331458572,18993,4.206687643680504,10.510965273519725,[internal]/logs/020_Old_Param_Fixed_CTE_Report/summary/corrected/per_run/wind_x_04_y_00__rep_02__attempt_002/sim/true_path_deviation/wind_x_04_y_00__rep_02__attempt_002_true_path_deviation_summary.json,[internal]/logs/020_Old_Param_Fixed_CTE_Report/summary/corrected/per_run/wind_x_04_y_00__rep_02__attempt_002/sim/square_loiter_mission_metrics/wind_x_04_y_00__rep_02__attempt_002_square_loiter_summary.json,4599,5.472257742727542,10.614334541307658,27.53476693005611,34.98697429904536,-4.220883395850077,5912,2.0053684678803076,4.416017019241845,12.161097772047965,21.295418589256144,-1.076918159987078,4535,2.6188633094212608,5.0360039705641295,12.019396464724938,21.20642759799118,-1.2155517835683498,3509,6.0502354993776075,10.373622463140261,24.750775583291105,26.082156693174568,-4.452481426397474,1.7122968143009487,2.125279991716772,3.518330525924347,3.8948250602141425,4.9748989918133395,5.268080622059104,2.8002884442668696,2.9197540403099986
wind_x_08_y_00__rep_02__attempt_002,wind_x_08_y_00,run_02,run_02,8.0,0.0,8.0,0.0,success_square_only,square_loiter_only,sim,wind_x_08_y_00/runs/attempt_002/wind_x_08_y_00__rep_02__attempt_002.BIN,[internal]/logs/017_params_old_009_matrix_r3_plugin_fixed/wind_x_08_y_00/runs/attempt_002/wind_x_08_y_00__rep_02__attempt_002.BIN,63152128,,[internal]/logs/017_params_old_009_matrix_r3_plugin_fixed/wind_x_08_y_00/runs/attempt_002/wind_x_08_y_00__rep_02__attempt_002.BIN,square-only true path deviation over mission seq 3..22,loiter reported separately; after-capture metrics preferred,True,True,True,0,,sim,sim,23200,20,3.9029435402811545,9.435143101430375,26.964775929913174,43.32974269170171,3.8614998854154012,0.9669072265394247,21.390932227056464,8.110673729739075,13.081214878685351,5,9.432803706449373,0.15381888223865695,0.44999498078282585,0.09032258199825269,1.0195282157680412,0.0013683429518468418,0.9533363566770514,1.529560284524204,20,3.8944721230478185,7.53293412811573,7.549017412757966,1.498938,1.05495655,True,bounded_by_next_mise,23,24,382.65999999999997,5.0,True,5.001368675160243,5.001121395626992,5,71.06,9567,7791,52.23774428228095,119.97666131176013,357.5454266312512,7.8409444694735875,7.996681228173013,10.641472634731315,108.32241505404222,1.6509209349643426,clockwise,23672,3.9880621906120033,9.738887484141843,23476,3.885507113270288,9.658880984589935,[internal]/logs/020_Old_Param_Fixed_CTE_Report/summary/corrected/per_run/wind_x_08_y_00__rep_02__attempt_002/sim/true_path_deviation/wind_x_08_y_00__rep_02__attempt_002_true_path_deviation_summary.json,[internal]/logs/020_Old_Param_Fixed_CTE_Report/summary/corrected/per_run/wind_x_08_y_00__rep_02__attempt_002/sim/square_loiter_mission_metrics/wind_x_08_y_00__rep_02__attempt_002_square_loiter_summary.json,5532,8.28480610838571,15.485131144147084,40.17782845219875,43.32974269170171,-6.7314263970361585,9393,0.8309109195081754,2.4039162654617336,5.510314793395139,21.26202274202774,-0.14061477935572475,5289,1.930880074369532,4.0981996160349725,7.431327753223593,21.42432788250967,-0.15163283453259205,2986,8.94158464924725,14.124173218666588,31.54794369120933,32.83924978427708,-6.902531670529024,0.7061280400744502,1.015071724707182,4.635184842594901,4.8536220997543715,7.4072195938236804,7.545631458096442,2.8293560156982425,2.9323247177581235
wind_x_00_y_00__rep_03__attempt_003,wind_x_00_y_00,run_03,run_03,0.0,0.0,0.0,0.0,success_square_only,square_loiter_only,sim,wind_x_00_y_00/runs/attempt_003/wind_x_00_y_00__rep_03__attempt_003.BIN,[internal]/logs/017_params_old_009_matrix_r3_plugin_fixed/wind_x_00_y_00/runs/attempt_003/wind_x_00_y_00__rep_03__attempt_003.BIN,47026176,,[internal]/logs/017_params_old_009_matrix_r3_plugin_fixed/wind_x_00_y_00/runs/attempt_003/wind_x_00_y_00__rep_03__attempt_003.BIN,square-only true path deviation over mission seq 3..22,loiter reported separately; after-capture metrics preferred,True,True,True,0,,sim,sim,17447,20,3.7571761812712414,7.150472654177091,18.42698430005571,21.651254203979022,3.7071927037508456,1.0723511304270001,21.011706553376037,0.09139126095503425,0.13043849362047677,5,7.149685581489592,0.10843737522709708,0.30172737154085905,-0.04945162131253658,1.011545382717459,0.00047118277832993696,3.165057098490968,3.4313442852302605,20,3.076818354449766,3.1474660939393897,3.2365895679645016,1.0850548999999998,0.7530837,True,bounded_by_next_mise,23,24,264.76,5.0,True,5.002676847418193,4.991874589749897,4,33.0,6620,5795,36.90710504013045,97.76064474256003,303.80349490875716,6.976892833614444,7.05656296239027,7.356915637819446,106.98205384386748,0.18211363456083934,clockwise,18088,5.065191715592974,15.079841002641249,18046,5.035050962448062,15.07204199756311,[internal]/logs/020_Old_Param_Fixed_CTE_Report/summary/corrected/per_run/wind_x_00_y_00__rep_03__attempt_003/sim/true_path_deviation/wind_x_00_y_00__rep_03__attempt_003_true_path_deviation_summary.json,[internal]/logs/020_Old_Param_Fixed_CTE_Report/summary/corrected/per_run/wind_x_00_y_00__rep_03__attempt_003/sim/square_loiter_mission_metrics/wind_x_00_y_00__rep_03__attempt_003_square_loiter_summary.json,4362,3.8041822959307057,7.244709850173113,18.582424708362822,21.651254203979022,-2.5212897241071013,4360,3.7567214348126257,7.119415049298258,18.378847929420374,20.872453878580675,-2.4706135440634394,4365,3.7549909029811306,7.12264848758281,18.364984175031157,21.03397032243641,-2.462507350788768,4360,3.7127910349756714,7.114271356552636,18.37884793012847,20.74998485661605,-2.5365984283251044,3.079292413801043,3.217826731327636,3.0636393149045418,3.11382665961301,3.087883348389883,3.137788753495181,3.076458340703596,3.114404860811171
wind_x_04_y_00__rep_03__attempt_003,wind_x_04_y_00,run_03,run_03,4.0,0.0,4.0,0.0,success_square_only,square_loiter_only,sim,wind_x_04_y_00/runs/attempt_003/wind_x_04_y_00__rep_03__attempt_003.BIN,[internal]/logs/017_params_old_009_matrix_r3_plugin_fixed/wind_x_04_y_00/runs/attempt_003/wind_x_04_y_00__rep_03__attempt_003.BIN,50204672,,[internal]/logs/017_params_old_009_matrix_r3_plugin_fixed/wind_x_04_y_00/runs/attempt_003/wind_x_04_y_00__rep_03__attempt_003.BIN,square-only true path deviation over mission seq 3..22,loiter reported separately; after-capture metrics preferred,True,True,True,0,,sim,sim,18555,20,3.780971685677778,7.785688563697749,20.90611540804073,34.58753816442339,3.731221674413003,1.0599635105564953,21.43358702433318,4.031582220175405,6.1465717860989555,5,7.780752810990407,0.2870057400012077,0.7634328044189669,-0.14856695341338502,1.013894649186941,0.0007110871135487818,1.681542381059543,2.122354567474362,20,3.227314268647749,4.92072170653068,5.364566862677387,1.1529413499999999,0.79895945,True,bounded_by_next_mise,23,24,292.26,5.0,True,5.0020272932925955,4.996375070528251,4,45.14,7307,6179,44.455620051182684,109.80247410098316,338.7735899811553,7.135997352304072,7.228670534926281,7.986741858041748,107.21592659434666,0.675961005024697,clockwise,19093,4.282137202145798,10.588752607155175,18990,4.212484742308686,10.540453095052962,[internal]/logs/020_Old_Param_Fixed_CTE_Report/summary/corrected/per_run/wind_x_04_y_00__rep_03__attempt_003/sim/true_path_deviation/wind_x_04_y_00__rep_03__attempt_003_true_path_deviation_summary.json,[internal]/logs/020_Old_Param_Fixed_CTE_Report/summary/corrected/per_run/wind_x_04_y_00__rep_03__attempt_003/sim/square_loiter_mission_metrics/wind_x_04_y_00__rep_03__attempt_003_square_loiter_summary.json,4599,5.461318210635416,10.588042828670595,27.517518549735964,34.58753816442339,-4.209864930788986,5912,2.018694375209671,4.4414710425716395,12.334199578954497,20.69429333914485,-1.1063278204340623,4535,2.6183870909797315,5.034320854610998,12.00396370524591,21.197349504179986,-1.2141104985062623,3509,6.050276595385077,10.37358754402556,24.755228362827147,26.071024743626356,-4.449997437767309,1.7265590755493985,2.122354567474362,3.4049565674163444,3.5682091061066985,4.9745531716958045,5.271125777172817,2.803188259929449,2.9203890210998287
wind_x_08_y_00__rep_03__attempt_003,wind_x_08_y_00,run_03,run_03,8.0,0.0,8.0,0.0,success_square_only,square_loiter_only,sim,wind_x_08_y_00/runs/attempt_003/wind_x_08_y_00__rep_03__attempt_003.BIN,[internal]/logs/017_params_old_009_matrix_r3_plugin_fixed/wind_x_08_y_00/runs/attempt_003/wind_x_08_y_00__rep_03__attempt_003.BIN,63156224,,[internal]/logs/017_params_old_009_matrix_r3_plugin_fixed/wind_x_08_y_00/runs/attempt_003/wind_x_08_y_00__rep_03__attempt_003.BIN,square-only true path deviation over mission seq 3..22,loiter reported separately; after-capture metrics preferred,True,True,True,0,,sim,sim,23205,20,3.9129346110293146,9.465232244894137,27.054511740450497,43.57485122922361,3.873177919337561,0.9454017223956137,21.300151397393808,8.105390914256942,13.16325641474412,5,9.464345514758477,0.084527937048214,0.26413096209870623,0.05457405279938551,1.0195655804037014,0.0010388902270855925,0.958666117415147,1.4678024507363792,20,3.907780765624159,7.528422336897984,7.5671636016460475,1.49893755,1.05895635,True,bounded_by_next_mise,23,24,382.68,5.0,True,5.001695803856291,5.00143348332844,5,71.08,9568,7791,52.25283570851281,120.00356374282664,357.67024041628974,7.839467972764713,7.994648010844045,10.64411266269994,108.32094917872202,1.6513084395693443,clockwise,23680,4.0020780863818235,9.786876097327664,23485,3.900801322375062,9.709013872111985,[internal]/logs/020_Old_Param_Fixed_CTE_Report/summary/corrected/per_run/wind_x_08_y_00__rep_03__attempt_003/sim/true_path_deviation/wind_x_08_y_00__rep_03__attempt_003_true_path_deviation_summary.json,[internal]/logs/020_Old_Param_Fixed_CTE_Report/summary/corrected/per_run/wind_x_08_y_00__rep_03__attempt_003/sim/square_loiter_mission_metrics/wind_x_08_y_00__rep_03__attempt_003_square_loiter_summary.json,5538,8.328267482389059,15.561934150719095,40.333971669331675,43.57485122922361,-6.777623350293913,9392,0.8294774156025173,2.398677735974974,5.5153241706918426,21.051222346349427,-0.1442661245873678,5291,1.932640965379925,4.103703109659616,7.407724708159561,21.333547052847013,-0.1477356431121395,2984,8.934868329859459,14.116652123865299,31.501746102708598,32.816985885888776,-6.913242552674704,0.7512003655312507,0.9566898569827682,4.621475898945306,4.840715918212385,7.416836954085893,7.559007545909613,2.8416098439341857,2.9396933421162634
wind_x_12_y_00__rep_01__attempt_003,wind_x_12_y_00,run_01,run_01,12.0,0.0,12.0,0.0,success_square_only,square_loiter_only,sim,wind_x_12_y_00/runs/attempt_003/wind_x_12_y_00__rep_01__attempt_003.BIN,[internal]/logs/017_params_old_009_matrix_r3_plugin_fixed/wind_x_12_y_00/runs/attempt_003/wind_x_12_y_00__rep_01__attempt_003.BIN,123478016,,[internal]/logs/017_params_old_009_matrix_r3_plugin_fixed/wind_x_12_y_00/runs/attempt_003/wind_x_12_y_00__rep_01__attempt_003.BIN,square-only true path deviation over mission seq 3..22,loiter reported separately; after-capture metrics preferred,True,True,True,0,,sim,sim,45020,20,4.971293509947293,14.296846246476386,40.63400267672109,85.13436559078463,4.948793532957229,0.5982421059806623,20.95620877945997,17.109072844647564,27.128477605144937,5,14.206915407964308,1.5798248146696097,4.120085208661459,-0.7736336158741259,1.0377585048480267,0.006420640449909787,0.44833538800988376,0.8781749754726458,20,3.4409620899189006,6.331575405890538,6.490379725900037,3.7459961999999996,2.78194325,True,bounded_by_next_mise,23,24,788.280489,5.0,True,5.005921933023384,5.00139979682031,5,182.16,19708,15154,63.35451872113391,134.24723064153554,377.3730272456025,8.229669427035994,8.56791324355183,14.045858920626918,110.14387791488076,3.791310406409454,clockwise,45446,4.948097020735735,14.241158305108451,45154,4.889352030471815,14.235019554564161,[internal]/logs/020_Old_Param_Fixed_CTE_Report/summary/corrected/per_run/wind_x_12_y_00__rep_01__attempt_003/sim/true_path_deviation/wind_x_12_y_00__rep_01__attempt_003_true_path_deviation_summary.json,[internal]/logs/020_Old_Param_Fixed_CTE_Report/summary/corrected/per_run/wind_x_12_y_00__rep_01__attempt_003/sim/square_loiter_mission_metrics/wind_x_12_y_00__rep_01__attempt_003_square_loiter_summary.json,9837,17.400953364542584,28.653271979752432,60.868620311435336,85.13436559078463,-16.43494281300311,24644,0.29188051989502123,1.524794374607494,0.3116945738957497,20.88568509979462,0.2122193800964147,7828,1.1996142896233577,2.22612524339466,5.2802733784640195,10.194699569407362,-0.3547032138960392,2711,13.297960671101896,19.489182020472988,41.14924977185454,42.26801065436021,-10.455552800619866,0.755802506552499,1.888317470588373,6.262815795532829,6.456947237476984,3.8763136831055247,3.9888241794905634,2.86891637448475,3.078711851724536
wind_x_00_y_04__rep_01__attempt_003,wind_x_00_y_04,run_01,run_01,0.0,4.0,4.0,90.0,success_square_only,square_loiter_only,sim,wind_x_00_y_04/runs/attempt_003/wind_x_00_y_04__rep_01__attempt_003.BIN,[internal]/logs/017_params_old_009_matrix_r3_plugin_fixed/wind_x_00_y_04/runs/attempt_003/wind_x_00_y_04__rep_01__attempt_003.BIN,49803264,,[internal]/logs/017_params_old_009_matrix_r3_plugin_fixed/wind_x_00_y_04/runs/attempt_003/wind_x_00_y_04__rep_01__attempt_003.BIN,square-only true path deviation over mission seq 3..22,loiter reported separately; after-capture metrics preferred,True,True,True,0,,sim,sim,18573,20,3.811546618425068,7.862229010601797,21.181008933933864,35.25023902418974,3.761602288615389,1.0639976367710973,21.634674435191414,4.437228090234516,6.742643758237643,5,7.851765264674826,0.3991380714571805,1.130095991731607,-0.201702394897164,1.0140468837432557,0.0014740824075712435,3.1178908638810237,3.956572503923354,20,3.354030431598214,5.3527743471248534,5.402833294268506,1.1629861,0.8070055999999999,True,bounded_by_next_mise,23,24,279.26,5.0,True,5.00186007310725,4.991524200817513,4,32.699999999999996,6982,6165,34.38691038213686,92.42994683302686,277.3426212672408,7.219116633049026,7.276682321345298,8.25615054832037,107.28783510058574,0.5308658444043902,clockwise,19211,5.256645164173137,15.450524362213615,19121,5.200774525566144,15.441335521474448,[internal]/logs/020_Old_Param_Fixed_CTE_Report/summary/corrected/per_run/wind_x_00_y_04__rep_01__attempt_003/sim/true_path_deviation/wind_x_00_y_04__rep_01__attempt_003_true_path_deviation_summary.json,[internal]/logs/020_Old_Param_Fixed_CTE_Report/summary/corrected/per_run/wind_x_00_y_04__rep_01__attempt_003/sim/square_loiter_mission_metrics/wind_x_00_y_04__rep_01__attempt_003_square_loiter_summary.json,3522,6.436488676994227,11.15040966496145,25.391428935036117,35.25023902418974,-4.767406689035735,4606,5.298497754515869,10.212901804448856,27.050636262090222,29.55532480492883,-4.005589950326252,5909,1.9992605867597109,4.407765906723807,12.137411686580316,21.16122452200405,-1.0836162399149305,4536,2.6243454054611792,5.034354473258787,11.91118551524152,21.473529774238273,-1.2096153551350939,3.0834971372605517,3.818997597441468,1.7074474891856906,1.9995863090279606,3.548795601955104,3.641383445708727,5.076381497991509,5.392294568554052
wind_x_04_y_04__rep_01__attempt_001,wind_x_04_y_04,run_01,run_01,4.0,4.0,5.656854249492381,45.0,success_square_only,square_loiter_only,sim,wind_x_04_y_04/runs/attempt_001/wind_x_04_y_04__rep_01__attempt_001.BIN,[internal]/logs/017_params_old_009_matrix_r3_plugin_fixed/wind_x_04_y_04/runs/attempt_001/wind_x_04_y_04__rep_01__attempt_001.BIN,53927936,,[internal]/logs/017_params_old_009_matrix_r3_plugin_fixed/wind_x_04_y_04/runs/attempt_001/wind_x_04_y_04__rep_01__attempt_001.BIN,square-only true path deviation over mission seq 3..22,loiter reported separately; after-capture metrics preferred,True,True,True,0,,sim,sim,19912,20,4.014706655712854,9.242415105863083,20.00912187206886,63.7917665810059,3.9719128370091026,1.0011088125392813,21.3729089752526,8.684608912904176,14.487212822321279,5,9.051903375732318,1.812092764706471,4.584443654955621,-0.9057690145215784,1.017856507134915,0.0064745697679317316,1.6827302122508876,1.8344118806015057,20,3.7302864620440617,6.009968578570451,6.166290917143933,1.2660414999999998,0.8760086499999999,True,bounded_by_next_mise,23,24,316.36,5.0,True,5.0012164173576314,4.995987563900482,4,51.879999999999995,7910,6613,48.58792092151182,117.06063448683328,357.2735906358566,7.315776602051951,7.388727146865183,8.792339077087007,107.4986656312639,0.92356180571299,clockwise,20460,4.636585135969913,11.73159791314378,20308,4.547878950930001,11.685326007059688,[internal]/logs/020_Old_Param_Fixed_CTE_Report/summary/corrected/per_run/wind_x_04_y_04__rep_01__attempt_001/sim/true_path_deviation/wind_x_04_y_04__rep_01__attempt_001_true_path_deviation_summary.json,[internal]/logs/020_Old_Param_Fixed_CTE_Report/summary/corrected/per_run/wind_x_04_y_04__rep_01__attempt_001/sim/square_loiter_mission_metrics/wind_x_04_y_04__rep_01__attempt_001_square_loiter_summary.json,3755,10.020789061596284,17.688549713069477,37.07765934765074,63.7917665810059,-8.083330728109772,6295,2.8324953924037928,6.355040923320322,18.545827165562343,21.217494944543034,-2.037693110313697,6250,1.3361801486921077,3.2013368907481974,6.47268102828266,21.288130444601784,-0.18524831313077303,3612,4.465972197605969,7.584124083447751,17.43764163555239,21.295420523513126,-2.674490831670298,2.4398739048954865,4.711737936111383,1.8179007445660234,2.0417145402354686,5.886863922918273,6.133380951128463,4.776507275796464,4.838774900583591
wind_x_08_y_04__rep_01__attempt_001,wind_x_08_y_04,run_01,run_01,8.0,4.0,8.94427190999916,26.56505117707799,success_square_only,square_loiter_only,sim,wind_x_08_y_04/runs/attempt_001/wind_x_08_y_04__rep_01__attempt_001.BIN,[internal]/logs/017_params_old_009_matrix_r3_plugin_fixed/wind_x_08_y_04/runs/attempt_001/wind_x_08_y_04__rep_01__attempt_001.BIN,69869568,,[internal]/logs/017_params_old_009_matrix_r3_plugin_fixed/wind_x_08_y_04/runs/attempt_001/wind_x_08_y_04__rep_01__attempt_001.BIN,square-only true path deviation over mission seq 3..22,loiter reported separately; after-capture metrics preferred,True,True,True,0,,sim,sim,25897,20,5.550355439196713,16.35802188285599,31.052528356271004,130.01646235884851,5.512972870074757,0.9099102952341542,21.476773335917873,20.15202044484053,33.466665588565576,5,14.206978209183674,7.753908298577029,19.44380144020808,-3.8561227091375154,1.0325525930779857,0.0189564561284282,1.0360110529562718,1.291997012813528,20,4.988828916518605,8.897971190342158,18.956575855583154,3.0499459499999997,1.12998845,True,bounded_by_next_mise,23,24,416.35999999999996,5.0,True,5.000399413498851,5.00045825759553,5,73.11999999999999,10410,8582,48.24980003855583,111.96491667125004,330.7367977871957,8.223036271488763,8.371289591810966,11.625283754223487,108.88934929021653,1.9519180592525824,clockwise,26402,5.764862301590842,16.597297032352248,26171,5.566780301265446,16.326327376010223,[internal]/logs/020_Old_Param_Fixed_CTE_Report/summary/corrected/per_run/wind_x_08_y_04__rep_01__attempt_001/sim/true_path_deviation/wind_x_08_y_04__rep_01__attempt_001_true_path_deviation_summary.json,[internal]/logs/020_Old_Param_Fixed_CTE_Report/summary/corrected/per_run/wind_x_08_y_04__rep_01__attempt_001/sim/square_loiter_mission_metrics/wind_x_08_y_04__rep_01__attempt_001_square_loiter_summary.json,4761,21.241029301842286,36.609927207060494,94.31231863023976,130.01646235884851,-18.452477856264718,10306,1.21864375289494,3.3215793095950077,10.205214317966579,21.66715502466217,-0.7221444206991919,7755,1.0890088570017538,3.1432616184949183,5.100981022690112,21.252389501691567,0.5402853102251295,3075,7.025823772169855,10.793181252428157,23.410488913485835,24.512551872731358,-4.398886517773938,4.563985585266178,15.403895142053152,2.407075872777358,2.7316181278790714,8.21004986128072,8.346764443403083,4.774204346750166,4.915119056129265
wind_x_00_y_08__rep_01__attempt_001,wind_x_00_y_08,run_01,run_01,0.0,8.0,8.0,90.0,success_square_only,square_loiter_only,sim,wind_x_00_y_08/runs/attempt_001/wind_x_00_y_08__rep_01__attempt_001.BIN,[internal]/logs/017_params_old_009_matrix_r3_plugin_fixed/wind_x_00_y_08/runs/attempt_001/wind_x_00_y_08__rep_01__attempt_001.BIN,62763008,,[internal]/logs/017_params_old_009_matrix_r3_plugin_fixed/wind_x_00_y_08/runs/attempt_001/wind_x_00_y_08__rep_01__attempt_001.BIN,square-only true path deviation over mission seq 3..22,loiter reported separately; after-capture metrics preferred,True,True,True,0,,sim,sim,23337,20,4.1013721789526025,9.854944648992433,28.243981203240853,48.549646744011454,4.059509137459594,0.9611907929664804,21.619482682312313,8.995100786366788,13.321490520281825,5,9.83669506722905,0.5730029368043924,1.4752528928881183,-0.2887639197787789,1.021524784010228,0.00226410653236751,2.8998331300322064,3.051064930203953,20,4.10296868051565,7.442554565872045,7.464565488843766,1.49004365,1.0200118,True,bounded_by_next_mise,23,24,359.96,5.0,True,5.001643251010555,4.994625921190803,4,49.919999999999995,9000,7752,43.60388262307401,108.68995292015565,332.4223045972361,7.88912935028361,7.995323926146893,10.530458756682714,108.33336217366403,1.4961387230044347,clockwise,24042,5.58369639953015,16.171947628077557,23864,5.496945346220265,16.16159797635821,[internal]/logs/020_Old_Param_Fixed_CTE_Report/summary/corrected/per_run/wind_x_00_y_08__rep_01__attempt_001/sim/true_path_deviation/wind_x_00_y_08__rep_01__attempt_001_true_path_deviation_summary.json,[internal]/logs/020_Old_Param_Fixed_CTE_Report/summary/corrected/per_run/wind_x_00_y_08__rep_01__attempt_001/sim/square_loiter_mission_metrics/wind_x_00_y_08__rep_01__attempt_001_square_loiter_summary.json,3021,9.850411324534962,15.719661648139667,32.39063941360729,48.549646744011454,-7.626142868802707,5633,8.46292211143374,15.635212009273706,40.197468124641105,43.41460140896612,-6.7586305762008925,9392,0.8553105381681746,2.3981711278578413,5.6506596152001665,21.381183445171764,-0.2065063410684486,5291,1.9374245134407515,4.099441646446768,7.430576010090684,21.441240914863613,-0.10253553953973027,3.64655636266624,5.848329414591363,0.9212442608771221,1.2371894135865331,4.460871649267208,4.613978527422497,7.38320244925203,7.4599316103234035
wind_x_12_y_00__rep_02__attempt_004,wind_x_12_y_00,run_02,run_02,12.0,0.0,12.0,0.0,success_square_only,square_loiter_only,sim,wind_x_12_y_00/runs/attempt_004/wind_x_12_y_00__rep_02__attempt_004.BIN,[internal]/logs/017_params_old_009_matrix_r3_plugin_fixed/wind_x_12_y_00/runs/attempt_004/wind_x_12_y_00__rep_02__attempt_004.BIN,123523072,,[internal]/logs/017_params_old_009_matrix_r3_plugin_fixed/wind_x_12_y_00/runs/attempt_004/wind_x_12_y_00__rep_02__attempt_004.BIN,square-only true path deviation over mission seq 3..22,loiter reported separately; after-capture metrics preferred,True,True,True,0,,sim,sim,45035,20,5.024848801749271,14.440854035473535,40.813064909802414,86.9681405799135,5.000619690173016,0.6334551730772281,21.425412672883223,17.302376904415414,27.376629502996003,5,14.317952870748575,1.8421413715714547,4.788504417783987,-0.9037948578771978,1.0378720324843251,0.00700273085826351,0.5234840071354228,0.8523199132265471,20,3.5375858229835435,6.643260551609658,6.80226892921086,3.8470284,2.86902615,True,bounded_by_next_mise,23,24,788.160098,5.0,True,5.005327728918514,5.000810458528623,5,182.07999999999998,19705,15153,63.323749739464965,134.18850401136677,377.21733349151793,8.229054824040489,8.56759029484717,14.047255216494186,110.14348627364615,3.7915880800542197,clockwise,45458,4.999286129455977,14.382224070937209,45163,4.937605232005276,14.373944702750832,[internal]/logs/020_Old_Param_Fixed_CTE_Report/summary/corrected/per_run/wind_x_12_y_00__rep_02__attempt_004/sim/true_path_deviation/wind_x_12_y_00__rep_02__attempt_004_true_path_deviation_summary.json,[internal]/logs/020_Old_Param_Fixed_CTE_Report/summary/corrected/per_run/wind_x_12_y_00__rep_02__attempt_004/sim/square_loiter_mission_metrics/wind_x_12_y_00__rep_02__attempt_004_square_loiter_summary.json,9852,17.605791806604387,28.965486915772033,60.93216696811356,86.9681405799135,-16.63458353829872,24648,0.3034149021889738,1.5888574127760275,0.300562624347549,21.507117214924047,0.22389453290305839,7825,1.1994149116629382,2.226276891137588,5.274372617486748,10.122074816607947,-0.3579773805424879,2710,13.275945651363713,19.44518427862955,41.03848687877123,42.17895506151509,-10.410348207634103,0.8690985544082876,1.933762519228771,6.491701167601572,6.768793481294818,3.8767390559189634,3.98464187980807,2.9128045140053525,3.1685820094057946
wind_x_00_y_04__rep_02__attempt_004,wind_x_00_y_04,run_02,run_02,0.0,4.0,4.0,90.0,success_square_only,square_loiter_only,sim,wind_x_00_y_04/runs/attempt_004/wind_x_00_y_04__rep_02__attempt_004.BIN,[internal]/logs/017_params_old_009_matrix_r3_plugin_fixed/wind_x_00_y_04/runs/attempt_004/wind_x_00_y_04__rep_02__attempt_004.BIN,49807360,,[internal]/logs/017_params_old_009_matrix_r3_plugin_fixed/wind_x_00_y_04/runs/attempt_004/wind_x_00_y_04__rep_02__attempt_004.BIN,square-only true path deviation over mission seq 3..22,loiter reported separately; after-capture metrics preferred,True,True,True,0,,sim,sim,18580,20,3.8384496309068528,7.946065629081747,21.308776927191488,37.61962156203816,3.788781690030019,1.0577508975254424,21.647860061184588,4.525075792328207,6.95984475061494,5,7.9262107100741614,0.5488846283892873,1.5106538372010565,-0.27747932743860143,1.0144229153932254,0.0022667575312771294,3.116628088977227,3.956572503923354,20,3.3138846870229353,5.368860071013206,5.402833294268506,1.1549871999999999,0.7970073,True,bounded_by_next_mise,23,24,279.26,5.0,True,5.001843467103546,4.991523937890232,4,32.699999999999996,6982,6165,34.38862480162388,92.43270309410354,277.3602727470141,7.2196588444472285,7.277256926034819,8.255137582555369,107.28833625878406,0.5306277433039439,clockwise,19218,5.144326075361802,14.551562889221472,19128,5.0879284272026,14.537428041291822,[internal]/logs/020_Old_Param_Fixed_CTE_Report/summary/corrected/per_run/wind_x_00_y_04__rep_02__attempt_004/sim/true_path_deviation/wind_x_00_y_04__rep_02__attempt_004_true_path_deviation_summary.json,[internal]/logs/020_Old_Param_Fixed_CTE_Report/summary/corrected/per_run/wind_x_00_y_04__rep_02__attempt_004/sim/square_loiter_mission_metrics/wind_x_00_y_04__rep_02__attempt_004_square_loiter_summary.json,3526,6.529455360998957,11.378600699056324,25.464053687835474,37.61962156203816,-4.886622660040536,4609,5.326432721868501,10.272062096096164,27.206483549392203,29.55532480492883,-4.039926579371032,5909,2.0043795686707506,4.418755948441384,12.210036439379731,21.152146508618355,-1.0952615187042691,4536,2.6239257612433002,5.033502571229397,11.91118551524152,21.46239782469006,-1.207890099345279,3.015483969503497,3.551996026028435,1.6501977542947937,1.9760954176612882,3.510089058114919,3.623883673615253,5.079767966178531,5.395681036741074
wind_x_04_y_04__rep_02__attempt_002,wind_x_04_y_04,run_02,run_02,4.0,4.0,5.656854249492381,45.0,success_square_only,square_loiter_only,sim,wind_x_04_y_04/runs/attempt_002/wind_x_04_y_04__rep_02__attempt_002.BIN,[internal]/logs/017_params_old_009_matrix_r3_plugin_fixed/wind_x_04_y_04/runs/attempt_002/wind_x_04_y_04__rep_02__attempt_002.BIN,53948416,,[internal]/logs/017_params_old_009_matrix_r3_plugin_fixed/wind_x_04_y_04/runs/attempt_002/wind_x_04_y_04__rep_02__attempt_002.BIN,square-only true path deviation over mission seq 3..22,loiter reported separately; after-capture metrics preferred,True,True,True,0,,sim,sim,19920,20,4.02528768262691,9.266109896029535,20.105413232049496,63.97332846184946,3.9825256488762375,0.997683580201372,21.12731354135542,8.69810857913245,14.54634100317317,5,9.069182849936103,1.840836635179331,4.6733112561288,-0.9218373669836541,1.0182270182410424,0.006785315344385607,1.6812355821217764,1.8249188892929866,20,3.641592846307435,5.773167175655155,5.80367336295475,1.24704355,0.8670589999999999,True,bounded_by_next_mise,23,24,316.47999999999996,5.0,True,5.002421764180879,4.997196203436218,4,51.919999999999995,7913,6615,48.6255791208869,117.14396441872374,357.51588026231605,7.3142934447075785,7.387316147140934,8.792424006397374,107.4976745549492,0.9248749828607987,clockwise,20468,4.672628853270273,11.89719704762347,20315,4.584660218954749,11.853857957402887,[internal]/logs/020_Old_Param_Fixed_CTE_Report/summary/corrected/per_run/wind_x_04_y_04__rep_02__attempt_002/sim/true_path_deviation/wind_x_04_y_04__rep_02__attempt_002_true_path_deviation_summary.json,[internal]/logs/020_Old_Param_Fixed_CTE_Report/summary/corrected/per_run/wind_x_04_y_04__rep_02__attempt_002/sim/square_loiter_mission_metrics/wind_x_04_y_04__rep_02__attempt_002_square_loiter_summary.json,3758,10.039402917205871,17.73129342877209,37.165716859929205,63.97332846184946,-8.109520800554321,6300,2.8445605941497965,6.385793859420105,18.646054595224822,21.03938375956085,-2.058180763866232,6250,1.3412943380734215,3.18495242559892,6.645164813005198,20.934084779035647,-0.2187762561391717,3612,4.471714595505474,7.598253120346265,17.49330138109829,21.229327602760335,-2.695938017058776,2.369331921921418,4.3944598395538526,1.7646984859207273,2.0215833868596627,5.723762370981181,5.797251007733783,4.708578606406416,4.787122284253924
wind_x_08_y_04__rep_02__attempt_002,wind_x_08_y_04,run_02,run_02,8.0,4.0,8.94427190999916,26.56505117707799,success_square_only,square_loiter_only,sim,wind_x_08_y_04/runs/attempt_002/wind_x_08_y_04__rep_02__attempt_002.BIN,[internal]/logs/017_params_old_009_matrix_r3_plugin_fixed/wind_x_08_y_04/runs/attempt_002/wind_x_08_y_04__rep_02__attempt_002.BIN,69853184,,[internal]/logs/017_params_old_009_matrix_r3_plugin_fixed/wind_x_08_y_04/runs/attempt_002/wind_x_08_y_04__rep_02__attempt_002.BIN,square-only true path deviation over mission seq 3..22,loiter reported separately; after-capture metrics preferred,True,True,True,0,,sim,sim,25883,20,5.290708823097384,15.230106823494118,29.354924778236825,119.83084088094239,5.254836727256836,0.8855139492294585,21.174157062803356,18.803219020696073,30.78570998877803,5,13.609789651302648,6.54137201626587,16.410934907711656,-3.254546965328909,1.0323197177646561,0.01777670196824381,1.0173556140408961,1.188445959058511,20,4.612777042563037,8.499932542788558,12.202514204645219,1.62297005,1.12098915,True,bounded_by_next_mise,23,24,416.46,5.0,True,5.000301162209425,5.000345470290732,5,73.22,10412,8582,48.31769969230241,112.11257678154539,331.09447614714907,8.223232280724508,8.371334424363,11.629350907453649,108.8898076772739,1.9528009390418903,clockwise,26379,5.535986027560676,15.612868348687764,26149,5.358765249153416,15.396676430750256,[internal]/logs/020_Old_Param_Fixed_CTE_Report/summary/corrected/per_run/wind_x_08_y_04__rep_02__attempt_002/sim/true_path_deviation/wind_x_08_y_04__rep_02__attempt_002_true_path_deviation_summary.json,[internal]/logs/020_Old_Param_Fixed_CTE_Report/summary/corrected/per_run/wind_x_08_y_04__rep_02__attempt_002/sim/square_loiter_mission_metrics/wind_x_08_y_04__rep_02__attempt_002_square_loiter_summary.json,4742,19.88617584892518,33.913605567470235,84.56925423694769,119.83084088094239,-17.075714871269604,10308,1.2239260245759649,3.330109204297354,10.278128584745664,20.925253821760474,-0.7300271293315427,7758,1.0829568282291073,3.127895578692203,5.024271128022151,21.116221777203886,0.5308508492279816,3075,7.031337254600308,10.813693179910773,23.50288409119542,24.52368382227957,-4.448239968767893,3.2215436744480312,10.000044158350324,2.3691584407242607,2.6301775022268865,8.158553820787429,8.288556467151498,4.701852234292428,4.896436062035216
wind_x_12_y_04__rep_01__attempt_002,wind_x_12_y_04,run_01,run_01,12.0,4.0,12.649110640673518,18.43494882292201,success_square_only,square_loiter_only,sim,wind_x_12_y_04/runs/attempt_002/wind_x_12_y_04__rep_01__attempt_002.BIN,[internal]/logs/017_params_old_009_matrix_r3_plugin_fixed/wind_x_12_y_04/runs/attempt_002/wind_x_12_y_04__rep_01__attempt_002.BIN,158294016,,[internal]/logs/017_params_old_009_matrix_r3_plugin_fixed/wind_x_12_y_04/runs/attempt_002/wind_x_12_y_04__rep_01__attempt_002.BIN,square-only true path deviation over mission seq 3..22,loiter reported separately; after-capture metrics preferred,True,True,True,0,,sim,sim,58233,20,5.564906350774152,18.257069287147385,45.601081811769276,138.05965364649575,5.545620286795878,0.515995354887324,25.600225097313285,32.28995647436794,45.66812856388846,5,17.17689047503398,5.943719855728428,15.092294611666166,-2.883562967427065,1.0407738892846694,0.0018176202472676341,0.44156837334397026,0.6571767660954784,20,4.2442182544504945,5.7209876965168265,31.678595109327752,4.4699519500000005,3.7659213,True,bounded_by_next_mise,23,24,994.860103,5.0,True,5.00639673953367,5.000651419783045,5,222.179419,24872,19318,58.88001815292262,125.96968117720759,353.8648009305781,8.195623687634477,8.558871372790152,13.88588928486632,110.54249134063697,4.252884156889857,clockwise,58694,5.621917278902691,18.254175410869944,58454,5.5942373562257375,18.271543389103428,[internal]/logs/020_Old_Param_Fixed_CTE_Report/summary/corrected/per_run/wind_x_12_y_04__rep_01__attempt_002/sim/true_path_deviation/wind_x_12_y_04__rep_01__attempt_002_true_path_deviation_summary.json,[internal]/logs/020_Old_Param_Fixed_CTE_Report/summary/corrected/per_run/wind_x_12_y_04__rep_01__attempt_002/sim/square_loiter_mission_metrics/wind_x_12_y_04__rep_01__attempt_002_square_loiter_summary.json,8552,32.55849577512785,46.64608766917828,98.77919478578139,138.05965364649575,-30.591487926751338,31785,0.2685393007599137,1.170573393038656,0.48980575958597683,21.395729388480653,0.005692231634669586,15032,0.37242734694153434,0.9779591052898164,1.9063997419281846,7.861700340817186,0.028871502939876,2864,10.994094309308258,16.121853653459613,34.54243799363392,35.76695239224485,-8.214966414236814,6.706957480320797,25.476182198320014,3.8225951446080777,4.3025636404418455,3.163823063999664,3.2285645478053797,3.283497328873441,3.3330738870301597
wind_x_00_y_08__rep_02__attempt_002,wind_x_00_y_08,run_02,run_02,0.0,8.0,8.0,90.0,success_square_only,square_loiter_only,sim,wind_x_00_y_08/runs/attempt_002/wind_x_00_y_08__rep_02__attempt_002.BIN,[internal]/logs/017_params_old_009_matrix_r3_plugin_fixed/wind_x_00_y_08/runs/attempt_002/wind_x_00_y_08__rep_02__attempt_002.BIN,62107648,,[internal]/logs/017_params_old_009_matrix_r3_plugin_fixed/wind_x_00_y_08/runs/attempt_002/wind_x_00_y_08__rep_02__attempt_002.BIN,square-only true path deviation over mission seq 3..22,loiter reported separately; after-capture metrics preferred,True,True,True,0,,sim,sim,23337,20,4.105510313259032,9.869583095572155,28.320473425099376,48.33177248792293,4.063786919798533,0.9611599116043276,21.270848815231606,8.98413086881605,13.291938813558952,5,9.849600238061345,0.6011452364107148,1.5454483772009713,-0.30214131381602943,1.0215405410051928,0.0022725080609551918,3.41873394023132,4.930943666355323,20,4.102602628370149,7.467813791928147,7.494850933541217,1.4860437,1.02806055,True,bounded_by_next_mise,23,24,345.88,5.0,True,4.999992607335967,4.994839481031628,4,35.839999999999996,8648,7752,31.116441613212142,84.7931380807896,239.85571443205015,7.881443553285509,7.988109485749114,10.535083035543328,108.32950375894218,1.5096882630223132,clockwise,24043,5.61554471668832,16.349075120997494,23864,5.528770417943841,16.340305322448074,[internal]/logs/020_Old_Param_Fixed_CTE_Report/summary/corrected/per_run/wind_x_00_y_08__rep_02__attempt_002/sim/true_path_deviation/wind_x_00_y_08__rep_02__attempt_002_true_path_deviation_summary.json,[internal]/logs/020_Old_Param_Fixed_CTE_Report/summary/corrected/per_run/wind_x_00_y_08__rep_02__attempt_002/sim/square_loiter_mission_metrics/wind_x_00_y_08__rep_02__attempt_002_square_loiter_summary.json,3021,9.836122566796808,15.691144130879925,32.39063941360729,48.33177248792293,-7.608915224707869,5633,8.493156098006876,15.688689344193605,40.3176931746634,43.38120556173777,-6.794386009307416,9392,0.8519916979807579,2.3992053173209738,5.591198099466414,21.3448749328969,-0.19853207837961737,5291,1.9375380039169998,4.0985606567013555,7.430576010090684,21.430109541052783,-0.09912715594862764,3.611394777462722,5.70158701528093,0.8817136451115554,1.2144702804039267,4.524759471560567,4.796075041393997,7.392542619345752,7.489158903727939
wind_x_04_y_08__rep_01__attempt_002,wind_x_04_y_08,run_01,run_01,4.0,8.0,8.94427190999916,63.43494882292201,success_square_only,square_loiter_only,sim,wind_x_04_y_08/runs/attempt_002/wind_x_04_y_08__rep_01__attempt_002.BIN,[internal]/logs/017_params_old_009_matrix_r3_plugin_fixed/wind_x_04_y_08/runs/attempt_002/wind_x_04_y_08__rep_01__attempt_002.BIN,69537792,,[internal]/logs/017_params_old_009_matrix_r3_plugin_fixed/wind_x_04_y_08/runs/attempt_002/wind_x_04_y_08__rep_01__attempt_002.BIN,square-only true path deviation over mission seq 3..22,loiter reported separately; after-capture metrics preferred,True,True,True,0,,sim,sim,25693,20,4.1973001950504365,10.714462586665874,27.75862822347397,78.48920077777956,4.165100702757402,0.8637073077237394,21.21677958440743,14.495450134188017,21.80927457563475,5,10.491333193305257,2.078507546574645,5.229984874203515,-1.0500567394075566,1.0259045109114424,0.008842222361565,1.8179550923075438,1.9970825724582801,20,4.452375620989341,7.36462545524176,7.695326679489475,1.7020136000000001,1.1780362,True,bounded_by_next_mise,23,24,413.46,5.0,True,4.999630860105766,4.998607968504274,4,71.02,10337,8562,53.29119665844762,123.94373018046527,368.80002280820236,8.236582725783103,8.369247686028908,11.57443093650497,108.8782739802547,1.8740364763388055,clockwise,26294,4.986943715685726,13.449486434872286,26069,4.897084039776538,13.42328548204471,[internal]/logs/020_Old_Param_Fixed_CTE_Report/summary/corrected/per_run/wind_x_04_y_08__rep_01__attempt_002/sim/true_path_deviation/wind_x_04_y_08__rep_01__attempt_002_true_path_deviation_summary.json,[internal]/logs/020_Old_Param_Fixed_CTE_Report/summary/corrected/per_run/wind_x_04_y_08__rep_01__attempt_002/sim/square_loiter_mission_metrics/wind_x_04_y_08__rep_01__attempt_002_square_loiter_summary.json,3263,15.10683316459884,24.1635894829094,48.82743642087046,78.48920077777956,-12.244267779605064,7999,4.716983525748557,10.252353453054056,29.413949051897934,33.32905554244684,-3.959078594110143,10331,0.6113830304108226,2.354314907274651,1.8428530829399639,21.517340476035695,0.34403173088525363,4100,3.5366556062702306,5.973682035980049,12.133824497000266,21.295418588548028,-0.9946613713268146,2.96019811511547,6.556326408433657,0.5487312723532749,0.8825141672442303,7.182525477509243,7.290366609338226,7.118047618979373,7.30768559143958
wind_x_08_y_08__rep_01__attempt_001,wind_x_08_y_08,run_01,run_01,8.0,8.0,11.313708498984761,45.0,success_square_only,square_loiter_only,sim,wind_x_08_y_08/runs/attempt_001/wind_x_08_y_08__rep_01__attempt_001.BIN,[internal]/logs/017_params_old_009_matrix_r3_plugin_fixed/wind_x_08_y_08/runs/attempt_001/wind_x_08_y_08__rep_01__attempt_001.BIN,102318080,,[internal]/logs/017_params_old_009_matrix_r3_plugin_fixed/wind_x_08_y_08/runs/attempt_001/wind_x_08_y_08__rep_01__attempt_001.BIN,square-only true path deviation over mission seq 3..22,loiter reported separately; after-capture metrics preferred,True,True,True,0,,sim,sim,38308,20,4.725437190740686,15.03276249488537,21.962136386696784,133.2119514473746,4.700577182389067,0.6529047446085213,20.83144731780933,28.09801263133693,40.68428382901547,5,13.62257518525476,6.0768436471461404,15.360551975571058,-3.009178161344066,1.0421351701042418,0.016153477369763324,1.0132812100816602,2.108730601701637,20,4.592534552659446,8.002038370639424,28.665258707572214,3.4889286999999998,2.7329572499999997,True,bounded_by_next_mise,23,24,603.780093,5.0,True,4.999366615680191,5.000714188395725,5,99.78,15095,12601,44.22139799967453,103.81693440427703,305.8852148677249,8.383500106436554,8.652146449001036,13.716918140888723,109.92850872142782,3.3180999623629837,clockwise,38868,5.120754280488646,15.777213049998073,38546,4.999160018949925,15.656023695673738,[internal]/logs/020_Old_Param_Fixed_CTE_Report/summary/corrected/per_run/wind_x_08_y_08__rep_01__attempt_001/sim/true_path_deviation/wind_x_08_y_08__rep_01__attempt_001_true_path_deviation_summary.json,[internal]/logs/020_Old_Param_Fixed_CTE_Report/summary/corrected/per_run/wind_x_08_y_08__rep_01__attempt_001/sim/square_loiter_mission_metrics/wind_x_08_y_08__rep_01__attempt_001_square_loiter_summary.json,4335,28.580001533038182,42.602305747126664,101.51306279511542,133.2119514473746,-23.80667852427244,15328,1.926413761369751,5.455047031201517,17.117041501487037,23.23237772779561,-1.5823112772995158,15181,0.4819889017012533,1.918021918111195,0.9985903400200572,16.62199012632419,0.3420063227043327,3464,5.855253350511379,8.945326085087217,19.414119194209064,20.17109173162231,-3.4865913667947157,6.266634915728854,23.12214542429041,0.4527622785892375,0.6567572853092719,6.820787236845467,6.910844006959778,4.8299537794742236,4.985716679499344
wind_x_00_y_12__rep_01__attempt_001,wind_x_00_y_12,run_01,run_01,0.0,12.0,12.0,90.0,success_square_only,square_loiter_only,sim,wind_x_00_y_12/runs/attempt_001/wind_x_00_y_12__rep_01__attempt_001.BIN,[internal]/logs/017_params_old_009_matrix_r3_plugin_fixed/wind_x_00_y_12/runs/attempt_001/wind_x_00_y_12__rep_01__attempt_001.BIN,121167872,,[internal]/logs/017_params_old_009_matrix_r3_plugin_fixed/wind_x_00_y_12/runs/attempt_001/wind_x_00_y_12__rep_01__attempt_001.BIN,square-only true path deviation over mission seq 3..22,loiter reported separately; after-capture metrics preferred,True,True,True,0,,sim,sim,45060,20,4.771972437885789,13.614687029114492,40.062854839534616,65.56199491345632,4.745160262455938,0.615039855797107,21.40203808732906,15.722669318781252,24.961850611514034,5,13.602129866802162,0.5360203937835517,1.4111540615392553,-0.2872568587417133,1.035665138266539,0.003285290839322725,3.057042733180084,3.4240675258422395,20,3.577057844583648,6.672411695483623,6.760465846716104,1.7930051500000002,0.9049780000000001,True,bounded_by_next_mise,23,24,703.8603889999999,5.0,True,5.004647269565845,4.9985148414355525,4,101.38,17597,15063,47.20854627533287,113.57070927322877,336.47501336643626,8.270282233854584,8.581431120646565,13.871271384948596,110.17994455769177,3.757714838853647,clockwise,46333,6.202340906575868,17.977677993502567,46139,6.169527068700075,17.989240749456552,[internal]/logs/020_Old_Param_Fixed_CTE_Report/summary/corrected/per_run/wind_x_00_y_12__rep_01__attempt_001/sim/true_path_deviation/wind_x_00_y_12__rep_01__attempt_001_true_path_deviation_summary.json,[internal]/logs/020_Old_Param_Fixed_CTE_Report/summary/corrected/per_run/wind_x_00_y_12__rep_01__attempt_001/sim/square_loiter_mission_metrics/wind_x_00_y_12__rep_01__attempt_001_square_loiter_summary.json,2792,14.606318348077066,22.00671249530769,42.204059033705164,65.56199491345632,-11.912033045149109,9802,16.031611379934265,26.533537361638967,58.9993301200405,61.91590077845996,-15.001241728041016,24645,0.30894206115301287,1.5716867501249325,0.28868339012553995,21.369833291212394,0.2071905047831644,7821,1.2132087175643478,2.215503271246295,5.220884118595822,10.231292280345567,-0.26400553804740157,3.2496826458935026,4.194627176695916,0.6842750063410231,1.1188136653548542,6.469516780195816,6.741928130667161,3.9047569459042477,4.109295723257303
wind_x_04_y_12__rep_01__attempt_001,wind_x_04_y_12,run_01,run_01,4.0,12.0,12.649110640673518,71.56505117707799,success_square_only,square_loiter_only,sim,wind_x_04_y_12/runs/attempt_001/wind_x_04_y_12__rep_01__attempt_001.BIN,[internal]/logs/017_params_old_009_matrix_r3_plugin_fixed/wind_x_04_y_12/runs/attempt_001/wind_x_04_y_12__rep_01__attempt_001.BIN,156663808,,[internal]/logs/017_params_old_009_matrix_r3_plugin_fixed/wind_x_04_y_12/runs/attempt_001/wind_x_04_y_12__rep_01__attempt_001.BIN,square-only true path deviation over mission seq 3..22,loiter reported separately; after-capture metrics preferred,True,True,True,0,,sim,sim,57865,20,4.3057220708842285,12.523585699065858,36.538474075883975,93.64961776816352,4.284712614318515,0.4985129732561353,21.378768081356576,21.113015155218147,30.202440904239904,5,12.450761437195712,1.2634521537338155,3.2757332961969183,-0.6534993678268944,1.0435480282956393,0.009265587243783353,1.693448903916795,2.2227271630017436,20,2.8803927751631315,6.3790745220537834,6.458719519840161,3.9070155499999997,0.9730193,True,bounded_by_next_mise,23,24,942.159723,5.0,True,5.003264885424429,5.000041689675652,5,173.240353,23555,19224,59.325437572532486,133.24118553744384,376.6349317317319,8.210121660346658,8.560445802025898,13.724957883029354,110.54259537175957,4.193571734190327,clockwise,59145,5.148109492483927,14.81677384903787,58831,5.099035967925788,14.80632557109632,[internal]/logs/020_Old_Param_Fixed_CTE_Report/summary/corrected/per_run/wind_x_04_y_12__rep_01__attempt_001/sim/true_path_deviation/wind_x_04_y_12__rep_01__attempt_001_true_path_deviation_summary.json,[internal]/logs/020_Old_Param_Fixed_CTE_Report/summary/corrected/per_run/wind_x_04_y_12__rep_01__attempt_001/sim/square_loiter_mission_metrics/wind_x_04_y_12__rep_01__attempt_001_square_loiter_summary.json,3038,21.40163764879803,31.60975109783567,64.92108147687343,93.64961776816352,-17.546625972792885,17269,9.312837183185154,18.463854813089785,47.787231006827355,50.850743393476876,-8.956544221462268,32079,0.28862249357988196,1.4073101935957648,0.2269523498995644,16.767239629613144,0.2038621995286816,5479,2.564396088098925,4.036799278783415,9.762719343075306,10.75346281037928,-1.4238878304550735,1.9164881930301831,3.1148843194552964,0.6591498661377547,1.0408553729880503,6.2471039322905915,6.4419521518851335,2.698829109193997,2.8091510530973545
wind_x_12_y_00__rep_03__attempt_005,wind_x_12_y_00,run_03,run_03,12.0,0.0,12.0,0.0,success_square_only,square_loiter_only,sim,wind_x_12_y_00/runs/attempt_005/wind_x_12_y_00__rep_03__attempt_005.BIN,[internal]/logs/017_params_old_009_matrix_r3_plugin_fixed/wind_x_12_y_00/runs/attempt_005/wind_x_12_y_00__rep_03__attempt_005.BIN,123478016,,[internal]/logs/017_params_old_009_matrix_r3_plugin_fixed/wind_x_12_y_00/runs/attempt_005/wind_x_12_y_00__rep_03__attempt_005.BIN,square-only true path deviation over mission seq 3..22,loiter reported separately; after-capture metrics preferred,True,True,True,0,,sim,sim,45020,20,4.974247162554314,14.304548537071401,40.62537848760048,85.31592746931841,4.9517938696914605,0.598941914732255,20.94507742025518,17.117980652919982,27.13548724835993,5,14.213225120439626,1.5925107526260285,4.1571860017969975,-0.7784539740903625,1.037761559413703,0.006407968727713741,0.4480202989182757,0.8627274551628878,20,3.4696828171589686,6.387451947114236,6.65556215236285,3.7539945500000003,2.7939418999999996,True,bounded_by_next_mise,23,24,788.28049,5.0,True,5.0060175600865255,5.001436022760224,5,182.16,19708,15154,63.3518519741203,134.24112701103272,377.3516937299306,8.230411083319746,8.568480273068145,14.048136320298681,110.14447045137959,3.7909627146779212,clockwise,45446,4.951958672119363,14.248819096596645,45150,4.891583688355975,14.241379656959095,[internal]/logs/020_Old_Param_Fixed_CTE_Report/summary/corrected/per_run/wind_x_12_y_00__rep_03__attempt_005/sim/true_path_deviation/wind_x_12_y_00__rep_03__attempt_005_true_path_deviation_summary.json,[internal]/logs/020_Old_Param_Fixed_CTE_Report/summary/corrected/per_run/wind_x_12_y_00__rep_03__attempt_005/sim/square_loiter_mission_metrics/wind_x_12_y_00__rep_03__attempt_005_square_loiter_summary.json,9837,17.411541651430777,28.670865415898312,60.87769840524646,85.31592746931841,-16.446644574874476,24644,0.2935609985107935,1.5353781675383844,0.3005626257637459,21.0171198625888,0.21441378880660947,7828,1.1997046429982177,2.227219068145823,5.277096045630099,10.203777663218554,-0.3562340115504417,2711,13.293053058052605,19.48123621178468,41.13255184824034,42.26801065436021,-10.449931392187477,0.8239837216619579,2.1455780751807465,6.302670250593483,6.5991178986263,3.8779205662670924,3.9963622135438346,2.87415673011334,3.0910868333752766
wind_x_00_y_04__rep_03__attempt_005,wind_x_00_y_04,run_03,run_03,0.0,4.0,4.0,90.0,success_square_only,square_loiter_only,sim,wind_x_00_y_04/runs/attempt_005/wind_x_00_y_04__rep_03__attempt_005.BIN,[internal]/logs/017_params_old_009_matrix_r3_plugin_fixed/wind_x_00_y_04/runs/attempt_005/wind_x_00_y_04__rep_03__attempt_005.BIN,49823744,,[internal]/logs/017_params_old_009_matrix_r3_plugin_fixed/wind_x_00_y_04/runs/attempt_005/wind_x_00_y_04__rep_03__attempt_005.BIN,square-only true path deviation over mission seq 3..22,loiter reported separately; after-capture metrics preferred,True,True,True,0,,sim,sim,18568,20,3.7978394035888368,7.81972477585013,21.04661952676718,35.2411609326885,3.7466001004024374,1.079676548562108,21.6680702891623,4.441704430054726,6.746508101051909,5,7.809198788435522,0.39793388530333246,1.0881962769619964,-0.22684211161876067,1.0137159669712754,0.0016061814216229056,3.1116685011052807,3.94811900301605,20,3.3862615949889125,5.345767393650486,5.402833294268506,1.1699362,0.8119557000000001,True,bounded_by_next_mise,23,24,279.26,5.0,True,5.001826859170703,4.991538448687641,4,32.699999999999996,6982,6165,34.39138453644062,92.44367162220682,277.40571336665386,7.21785764170707,7.275575058236318,8.256545049076925,107.28670677556747,0.5317822695370612,clockwise,19210,5.268350553853429,15.542008383901193,19118,5.211571735775037,15.533414460228803,[internal]/logs/020_Old_Param_Fixed_CTE_Report/summary/corrected/per_run/wind_x_00_y_04__rep_03__attempt_005/sim/true_path_deviation/wind_x_00_y_04__rep_03__attempt_005_true_path_deviation_summary.json,[internal]/logs/020_Old_Param_Fixed_CTE_Report/summary/corrected/per_run/wind_x_00_y_04__rep_03__attempt_005/sim/square_loiter_mission_metrics/wind_x_00_y_04__rep_03__attempt_005_square_loiter_summary.json,3519,6.442210712133275,11.153673677780938,25.391428935036117,35.2411609326885,-4.771669614102903,4604,5.238251172916169,10.080841553350043,26.638754146509257,29.544192856088728,-3.9165262735781483,5909,2.0005062820785495,4.40716557672903,12.128333592769122,21.124912466566148,-1.0813317373037967,4536,2.6257148432390496,5.034569642822468,11.91118551524152,21.46239782469006,-1.2080790676216806,3.0703868119336404,3.7829922463294903,1.8337100523111864,2.1181328425273342,3.5592773138547904,3.716166004547744,5.081672201856034,5.390819420454186
wind_x_04_y_04__rep_03__attempt_003,wind_x_04_y_04,run_03,run_03,4.0,4.0,5.656854249492381,45.0,success_square_only,square_loiter_only,sim,wind_x_04_y_04/runs/attempt_003/wind_x_04_y_04__rep_03__attempt_003.BIN,[internal]/logs/017_params_old_009_matrix_r3_plugin_fixed/wind_x_04_y_04/runs/attempt_003/wind_x_04_y_04__rep_03__attempt_003.BIN,53964800,,[internal]/logs/017_params_old_009_matrix_r3_plugin_fixed/wind_x_04_y_04/runs/attempt_003/wind_x_04_y_04__rep_03__attempt_003.BIN,square-only true path deviation over mission seq 3..22,loiter reported separately; after-capture metrics preferred,True,True,True,0,,sim,sim,19922,20,4.040649896156871,9.336387630909984,20.0809315427247,65.18071496414672,3.9984872590479967,0.9904674157961205,21.118235447544237,8.787946323275223,14.749685645480675,5,9.119328672467935,1.9393480422674583,4.921014639579578,-0.9715543227348733,1.0183242356136764,0.00699314462364144,1.6845920694524203,1.832679766039235,20,3.6388368411850136,5.710065218896244,5.815482845703079,1.24204355,0.8620593,True,bounded_by_next_mise,23,24,316.47999999999996,5.0,True,5.002521124238064,4.997440326587343,4,51.879999999999995,7913,6616,48.61449705401246,117.12290670547681,357.4630222051933,7.315428298966193,7.3897712915659275,8.793433841968032,107.49856095578356,0.9219442689207926,clockwise,20471,4.670851162521239,11.833528605524963,20319,4.582827798951313,11.789013992396395,[internal]/logs/020_Old_Param_Fixed_CTE_Report/summary/corrected/per_run/wind_x_04_y_04__rep_03__attempt_003/sim/true_path_deviation/wind_x_04_y_04__rep_03__attempt_003_true_path_deviation_summary.json,[internal]/logs/020_Old_Param_Fixed_CTE_Report/summary/corrected/per_run/wind_x_04_y_04__rep_03__attempt_003/sim/square_loiter_mission_metrics/wind_x_04_y_04__rep_03__attempt_003_square_loiter_summary.json,3760,10.128902227534764,17.932651166537664,37.21337685474774,65.18071496414672,-8.209887789970926,6300,2.836733213520885,6.366303370829105,18.613771966707237,21.005987911624345,-2.0468615153428633,6250,1.3409559042595414,3.1829655210569885,6.663321000627584,20.925006685224457,-0.22384110634881668,3612,4.474186381202315,7.602466468586019,17.509442707305894,21.195932859553178,-2.7005054446675922,2.3693906538746026,4.396400058740415,1.7958060922916441,2.0129360941039334,5.699068010293013,5.7932896611121665,4.691082608280796,4.784760904378159
wind_x_08_y_04__rep_03__attempt_003,wind_x_08_y_04,run_03,run_03,8.0,4.0,8.94427190999916,26.56505117707799,success_square_only,square_loiter_only,sim,wind_x_08_y_04/runs/attempt_003/wind_x_08_y_04__rep_03__attempt_003.BIN,[internal]/logs/017_params_old_009_matrix_r3_plugin_fixed/wind_x_08_y_04/runs/attempt_003/wind_x_08_y_04__rep_03__attempt_003.BIN,69943296,,[internal]/logs/017_params_old_009_matrix_r3_plugin_fixed/wind_x_08_y_04/runs/attempt_003/wind_x_08_y_04__rep_03__attempt_003.BIN,square-only true path deviation over mission seq 3..22,loiter reported separately; after-capture metrics preferred,True,True,True,0,,sim,sim,25915,20,5.590084438937061,16.503610077299562,31.237721474177363,130.97874032131386,5.554927343431017,0.8725749990151996,21.280019882806005,20.291647534794798,33.769430088284984,5,14.281081415558953,7.896601291467062,19.786051477701076,-3.9424346623285533,1.0332230753394431,0.019985084539466815,1.0129070900391917,1.1763490996471901,20,4.973274957519495,8.89537653305297,18.84384968412554,3.06702095,1.1370384999999998,True,bounded_by_next_mise,23,24,416.47999999999996,5.0,True,5.000938650666539,5.0009974978809195,5,73.16,10413,8584,48.2910414968526,112.04771235292242,330.9596552205232,8.228028990977625,8.376439039266002,11.638967852157853,108.89415262131277,1.9510681945612884,clockwise,26420,5.8164027290609255,16.757295334786978,26178,5.589249944614603,16.408018491847546,[internal]/logs/020_Old_Param_Fixed_CTE_Report/summary/corrected/per_run/wind_x_08_y_04__rep_03__attempt_003/sim/true_path_deviation/wind_x_08_y_04__rep_03__attempt_003_true_path_deviation_summary.json,[internal]/logs/020_Old_Param_Fixed_CTE_Report/summary/corrected/per_run/wind_x_08_y_04__rep_03__attempt_003/sim/square_loiter_mission_metrics/wind_x_08_y_04__rep_03__attempt_003_square_loiter_summary.json,4776,21.387572589097076,36.91589650254745,95.40395943528938,130.97874032131386,-18.60784599788983,10307,1.2231148520178443,3.3309649018121523,10.263657050793313,20.883733785557745,-0.7305612938199609,7757,1.0959250543022772,3.1464664142624637,5.123676257911063,21.324547420926752,0.5506998623137643,3075,7.028375975140058,10.799533809807034,23.443884761422357,24.323308738909134,-4.418511329478194,4.545322173813183,15.306009434743153,2.3530785786911594,2.7656488470430562,8.238498916208544,8.3515986803844,4.7562001613650935,4.8273356287855105
wind_x_12_y_04__rep_02__attempt_003,wind_x_12_y_04,run_02,run_02,12.0,4.0,12.649110640673518,18.43494882292201,success_square_only,square_loiter_only,sim,wind_x_12_y_04/runs/attempt_003/wind_x_12_y_04__rep_02__attempt_003.BIN,[internal]/logs/017_params_old_009_matrix_r3_plugin_fixed/wind_x_12_y_04/runs/attempt_003/wind_x_12_y_04__rep_02__attempt_003.BIN,158187520,,[internal]/logs/017_params_old_009_matrix_r3_plugin_fixed/wind_x_12_y_04/runs/attempt_003/wind_x_12_y_04__rep_02__attempt_003.BIN,square-only true path deviation over mission seq 3..22,loiter reported separately; after-capture metrics preferred,True,True,True,0,,sim,sim,58185,20,5.42964698387616,17.727784291020193,44.66059127214087,132.73081246383202,5.411392767300873,0.4972489360948608,22.386579818854727,31.519770173266526,44.363299390705095,5,16.87038647026967,5.25025749836189,13.335258054555903,-2.532649643110211,1.0403623999039704,0.0007900235780354146,0.37654135733878547,0.5696887563437524,20,4.1969472801284935,5.6349239575353565,31.208362043241102,4.3409948499999995,3.6369683999999998,True,bounded_by_next_mise,23,24,994.760147,5.0,True,5.006380502068241,5.000573776905475,5,222.11944599999998,24870,19317,58.854029243111555,125.91538968590045,353.7590411469477,8.196798103055883,8.559575492625852,13.869343730960251,110.54341284714596,4.2519652368170595,clockwise,58643,5.485025333987653,17.725765430380516,58412,5.458390168690312,17.741135057113013,[internal]/logs/020_Old_Param_Fixed_CTE_Report/summary/corrected/per_run/wind_x_12_y_04__rep_02__attempt_003/sim/true_path_deviation/wind_x_12_y_04__rep_02__attempt_003_true_path_deviation_summary.json,[internal]/logs/020_Old_Param_Fixed_CTE_Report/summary/corrected/per_run/wind_x_12_y_04__rep_02__attempt_003/sim/square_loiter_mission_metrics/wind_x_12_y_04__rep_02__attempt_003_square_loiter_summary.json,8506,31.787516385048345,45.3367937338897,93.11854926808181,132.73081246383202,-29.807201269930182,31785,0.2677462117818192,1.1693993235350013,0.48980575958597683,21.36332131006407,0.008117900326913716,15033,0.369904787468621,0.9734943431846074,1.9154778357393776,7.871841024715291,0.025315761927300937,2861,10.999057453377228,16.135738640517765,34.55356994247401,35.833744086701664,-8.256384925924856,6.500010168112164,25.06356399943726,3.872675052369663,4.266010052533674,3.147581157973533,3.2089287612836013,3.2675227420586146,3.337295873753285
wind_x_00_y_08__rep_03__attempt_003,wind_x_00_y_08,run_03,run_03,0.0,8.0,8.0,90.0,success_square_only,square_loiter_only,sim,wind_x_00_y_08/runs/attempt_003/wind_x_00_y_08__rep_03__attempt_003.BIN,[internal]/logs/017_params_old_009_matrix_r3_plugin_fixed/wind_x_00_y_08/runs/attempt_003/wind_x_00_y_08__rep_03__attempt_003.BIN,62107648,,[internal]/logs/017_params_old_009_matrix_r3_plugin_fixed/wind_x_00_y_08/runs/attempt_003/wind_x_00_y_08__rep_03__attempt_003.BIN,square-only true path deviation over mission seq 3..22,loiter reported separately; after-capture metrics preferred,True,True,True,0,,sim,sim,23338,20,4.103219062116122,9.86811760582621,28.296419016984316,48.558724840132356,4.065236361752227,0.9177960269594042,21.11470580174955,8.994921692414538,13.324593102063911,5,9.847646208447491,0.6078883680508439,1.561992082342874,-0.3048724443317253,1.021626362898529,0.0024358238043466836,3.4167862402616054,4.916326950125862,20,4.093141459998572,7.452412448126469,7.4771664441106465,1.48604345,1.02806135,True,bounded_by_next_mise,23,24,345.85999999999996,5.0,True,4.999745006124038,4.9944968513902035,4,35.86,8647,7751,31.10125052696051,84.7589535378967,239.67370084488556,7.880746712312659,7.987000589598219,10.537446053794085,108.32934940359976,1.512052596038582,clockwise,24044,5.616900797250587,16.381192334021748,23877,5.536981731550667,16.374291714898703,[internal]/logs/020_Old_Param_Fixed_CTE_Report/summary/corrected/per_run/wind_x_00_y_08__rep_03__attempt_003/sim/true_path_deviation/wind_x_00_y_08__rep_03__attempt_003_true_path_deviation_summary.json,[internal]/logs/020_Old_Param_Fixed_CTE_Report/summary/corrected/per_run/wind_x_00_y_08__rep_03__attempt_003/sim/square_loiter_mission_metrics/wind_x_00_y_08__rep_03__attempt_003_square_loiter_summary.json,3024,9.847105437734939,15.71719188144011,32.39063941360729,48.558724840132356,-7.609210963428465,5632,8.480745017498437,15.673931834513146,40.312683797720766,43.38120556173777,-6.7919120563290365,9393,0.8521837453204003,2.392598779376198,5.610262097740367,21.099792833980626,-0.20306786894488887,5289,1.9313975741368672,4.084414114772416,7.335954442967107,21.29627189114126,-0.10668065273254851,3.576789287999543,5.556339141077614,0.9150756276835702,1.1566856961127903,4.49379885830529,4.728805551768906,7.386902066005885,7.47195507653503
wind_x_04_y_08__rep_02__attempt_003,wind_x_04_y_08,run_02,run_02,4.0,8.0,8.94427190999916,63.43494882292201,success_square_only,square_loiter_only,sim,wind_x_04_y_08/runs/attempt_003/wind_x_04_y_08__rep_02__attempt_003.BIN,[internal]/logs/017_params_old_009_matrix_r3_plugin_fixed/wind_x_04_y_08/runs/attempt_003/wind_x_04_y_08__rep_02__attempt_003.BIN,69562368,,[internal]/logs/017_params_old_009_matrix_r3_plugin_fixed/wind_x_04_y_08/runs/attempt_003/wind_x_04_y_08__rep_02__attempt_003.BIN,square-only true path deviation over mission seq 3..22,loiter reported separately; after-capture metrics preferred,True,True,True,0,,sim,sim,25697,20,4.202197139099142,10.741831619734242,27.78770069051791,78.95218357369964,4.166917715418875,0.8982870564544195,21.351952732364147,14.557527590277273,21.94292670798747,5,10.508294264563718,2.1291601176075474,5.350422451921791,-1.0739248767203837,1.026108908723677,0.008934121717103517,1.7979212691064224,1.9486358055032624,20,4.393210059293203,7.322886867647344,7.3427080742465884,1.6870116499999999,1.16103465,True,bounded_by_next_mise,23,24,413.47999999999996,5.0,True,4.9998122366013105,4.998728949407696,4,71.03999999999999,10338,8562,53.306513227101206,123.9740421881869,368.9043187266231,8.23659639401379,8.368612860741136,11.576668699665738,108.87846568296551,1.8747351604439084,clockwise,26301,4.9967809448852405,13.483730688102881,26072,4.9060817742785785,13.458453854509276,[internal]/logs/020_Old_Param_Fixed_CTE_Report/summary/corrected/per_run/wind_x_04_y_08__rep_02__attempt_003/sim/true_path_deviation/wind_x_04_y_08__rep_02__attempt_003_true_path_deviation_summary.json,[internal]/logs/020_Old_Param_Fixed_CTE_Report/summary/corrected/per_run/wind_x_04_y_08__rep_02__attempt_003/sim/square_loiter_mission_metrics/wind_x_04_y_08__rep_02__attempt_003_square_loiter_summary.json,3268,15.162042877481742,24.264286813288695,49.255014649194514,78.95218357369964,-12.293456010220622,8000,4.706560585483825,10.238166568975911,29.357176111361788,33.629618168210584,-3.956515949755727,10329,0.6045152872044686,2.3213601053012254,1.8791654604946058,21.242812892310656,0.3348919331541065,4100,3.5458001644914092,5.984218383432906,12.122692547452054,21.284286638999816,-0.9928042364157162,2.8709832845458236,6.240883867260868,0.5673401161353074,0.9870012247636135,7.056117715106929,7.314744097101775,7.078399121384753,7.252750540751256
wind_x_08_y_08__rep_02__attempt_002,wind_x_08_y_08,run_02,run_02,8.0,8.0,11.313708498984761,45.0,success_square_only,square_loiter_only,sim,wind_x_08_y_08/runs/attempt_002/wind_x_08_y_08__rep_02__attempt_002.BIN,[internal]/logs/017_params_old_009_matrix_r3_plugin_fixed/wind_x_08_y_08/runs/attempt_002/wind_x_08_y_08__rep_02__attempt_002.BIN,103280640,,[internal]/logs/017_params_old_009_matrix_r3_plugin_fixed/wind_x_08_y_08/runs/attempt_002/wind_x_08_y_08__rep_02__attempt_002.BIN,square-only true path deviation over mission seq 3..22,loiter reported separately; after-capture metrics preferred,True,True,True,0,,sim,sim,37900,20,3.41250445594072,9.87085007613336,19.69241792158453,66.06129008231147,3.385519219782685,0.6691887571354052,20.49402862303983,17.898366278020834,25.266306275852013,5,9.653841579147171,2.01415425896483,5.160111921456765,1.062444617452245,1.02838407074376,0.012484158018651659,0.5574793583697161,1.0615199143339011,20,4.120321622894998,7.484664218223423,18.05941795664018,2.1230064499999997,1.3429763,True,bounded_by_next_mise,23,24,639.880038,5.0,True,4.998920055828194,5.000703855238564,5,135.92,15998,12600,65.13959606963533,141.33481520684919,397.5322715089343,8.37644424794971,8.645998687428767,13.714746231226245,109.92412345178336,3.324256443479058,clockwise,38465,3.8361340308968868,11.087453525084221,38211,3.7777975905885515,11.069138347929657,[internal]/logs/020_Old_Param_Fixed_CTE_Report/summary/corrected/per_run/wind_x_08_y_08__rep_02__attempt_002/sim/true_path_deviation/wind_x_08_y_08__rep_02__attempt_002_true_path_deviation_summary.json,[internal]/logs/020_Old_Param_Fixed_CTE_Report/summary/corrected/per_run/wind_x_08_y_08__rep_02__attempt_002/sim/square_loiter_mission_metrics/wind_x_08_y_08__rep_02__attempt_002_square_loiter_summary.json,3937,18.35800548411658,27.173642681069065,61.94346664177925,66.06129008231147,-12.283938625336727,15316,1.9276811655401753,5.432777969628415,17.076409886804356,22.67578027446092,-1.569761085675582,15179,0.4596392060957457,1.9073364052170532,0.9813419617787774,16.640146313946573,0.34396999206629564,3468,5.927688306933585,8.959019230833741,19.432486910503336,20.271279274015647,-3.5114911637230635,4.091073640498541,14.661551377690158,0.7677738313332131,1.455677268633866,6.786971591907163,6.918517144776023,4.8354674278410785,4.99249892071676
